beat,original_click_sec,smoothed_source_sec,target_sec
0,3.387732426,3.374757812,0.387025386
1,3.778253968,3.790329459,0.812557301
2,4.208253968,4.205255144,1.238089216
3,4.618276644,4.620995368,1.663621131
4,5.037732426,5.037762305,2.089153045
5,5.458253968,5.454376417,2.514684960
6,5.868253968,5.870258296,2.940216875
7,6.288253968,6.285624413,3.365748790
8,6.697732426,6.700261131,3.791280705
9,7.118253968,7.114381256,4.216812620
10,7.528276644,7.528866323,4.642344535
11,7.938276644,7.945116323,5.067876450
12,8.357732426,8.364230436,5.493408365
13,8.788253968,8.786728431,5.918940280
14,9.208253968,9.211879252,6.344472194
15,9.638276644,9.638130082,6.770004109
16,10.067732426,10.064747372,7.195536024
17,10.488253968,10.490782906,7.621067939
18,10.918276644,10.914897849,8.046599854
19,11.348253968,11.336513135,8.472131769
20,11.747732426,11.755414786,8.897663684
21,12.178253968,12.172245368,9.323195599
22,12.588276644,12.588496198,9.748727514
23,12.998253968,13.005265139,10.174259428
24,13.427732426,13.422614319,10.599791343
25,13.838276644,13.840632916,11.025323258
26,14.258253968,14.259384090,11.450855173
27,14.678276644,14.678867154,11.876387088
28,15.097732426,15.099751037,12.301919003
29,15.518276644,15.522251037,12.727450918
30,15.948253968,15.946000207,13.152982833
31,16.368276644,16.370265970,13.578514748
32,16.797732426,16.794013135,14.004046662
33,17.218253968,17.216510301,14.429578577
34,17.638253968,17.637758296,14.855110492
35,18.058253968,18.057392180,15.280642407
36,18.477732426,18.474895014,15.706174322
37,18.898253968,18.890631256,16.131706237
38,19.298276644,19.304901857,16.557238152
39,19.718276644,19.717768804,16.982770067
40,20.137732426,20.129384090,17.408301982
41,20.538253968,20.539899853,17.833833897
42,20.948276644,20.948648679,18.259365811
43,21.358253968,21.355997372,18.684897726
44,21.767732426,21.764595722,19.110429641
45,22.158276644,22.176362315,19.535961556
46,22.588253968,22.590262305,19.961493471
47,23.018253968,23.004376417,20.387025386
48,23.427732426,23.419222763,20.812557301
49,23.808253968,23.837820282,21.238089216
50,24.248253968,24.264285578,21.663621131
51,24.698253968,24.700323116,22.089153045
52,25.147732426,25.142763135,22.514684960
53,25.588276644,25.584685387,22.940216875
54,26.028253968,26.020936561,23.365748790
55,26.468276644,26.451515970,23.791280705
56,26.867732426,26.878647019,24.216812620
57,27.298253968,27.304376417,24.642344535
58,27.738253968,27.729374413,25.067876450
59,28.158253968,28.152909117,25.493408365
60,28.577732426,28.573641350,25.918940280
61,28.988253968,28.992605816,26.344472194
62,29.408253968,29.413338879,26.770004109
63,29.828253968,29.838707000,27.195536024
64,30.267732426,30.269959004,27.621067939
65,30.698276644,30.705995368,28.046599854
66,31.148253968,31.143647019,28.472131769
67,31.588253968,31.579897849,28.897663684
68,32.017732426,32.014016800,29.323195599
69,32.438276644,32.446154692,29.748727514
70,32.878276644,32.876156696,30.174259428
71,33.318276644,33.304386925,30.599791343
72,33.727732426,33.731882086,31.025323258
73,34.148253968,34.160109480,31.450855173
74,34.588253968,34.589374413,31.876387088
75,35.028253968,35.017909947,32.301919003
76,35.457732426,35.443278898,32.727450918
77,35.858253968,35.864899023,33.152982833
78,36.278276644,36.285849387,33.578514748
79,36.708276644,36.711431974,34.004046662
80,37.127732426,37.144967508,34.429578577
81,37.578276644,37.584751867,34.855110492
82,38.038253968,38.026151857,35.280642407
83,38.478276644,38.465784567,35.706174322
84,38.897732426,38.902399853,36.131706237
85,39.328253968,39.336149023,36.557238152
86,39.778276644,39.767763965,36.982770067
87,40.208253968,40.198129252,37.408301982
88,40.617732426,40.628496198,37.833833897
89,41.048253968,41.060114319,38.259365811
90,41.498276644,41.493866323,38.684897726
91,41.938276644,41.927919624,39.110429641
92,42.357732426,42.358068440,39.535961556
93,42.798253968,42.781662781,39.961493471
94,43.198253968,43.199892180,40.387025386
95,43.618253968,43.616722763,40.812557301
96,44.017732426,44.036573116,41.238089216
97,44.458253968,44.462459004,41.663621131
98,44.888276644,44.893495368,42.089153045
99,45.338253968,45.326512305,42.514684960
100,45.757732426,45.759010301,42.940216875
101,46.188253968,46.190624413,43.365748790
102,46.618253968,46.622239699,43.791280705
103,47.058253968,47.054007466,44.216812620
104,47.487732426,47.485257466,44.642344535
105,47.918253968,47.915257466,45.067876450
106,48.338253968,48.343275233,45.493408365
107,48.778253968,48.769008296,45.918940280
108,49.197732426,49.192761131,46.344472194
109,49.608253968,49.615265139,46.770004109
110,50.038276644,50.038715503,47.195536024
111,50.458276644,50.465851391,47.621067939
112,50.887732426,50.896886095,48.046599854
113,51.338276644,51.329749033,48.472131769
114,51.768253968,51.762397019,48.897663684
115,52.188253968,52.193644184,49.323195599
116,52.627732426,52.623125243,49.748727514
117,53.048253968,53.051510301,50.174259428
118,53.488253968,53.479378422,50.599791343
119,53.898276644,53.906147019,51.025323258
120,54.337732426,54.332610655,51.450855173
121,54.758253968,54.760474767,51.876387088
122,55.178253968,55.189892180,52.301919003
123,55.628253968,55.618641350,52.727450918
124,56.057732426,56.045257466,53.152982833
125,56.468253968,56.470257466,53.578514748
126,56.878253968,56.894007466,54.004046662
127,57.328253968,57.317239699,54.429578577
128,57.747732426,57.740257466,54.855110492
129,58.158253968,58.163123583,55.280642407
130,58.578253968,58.586355816,55.706174322
131,59.008253968,59.010990529,56.131706237
132,59.447732426,59.437974767,56.557238152
133,59.858253968,59.867244538,56.982770067
134,60.288276644,60.298129252,57.408301982
135,60.738253968,60.729013135,57.833833897
136,61.167732426,61.157914786,58.259365811
137,61.588253968,61.583647019,58.684897726
138,61.998276644,62.006879252,59.110429641
139,62.428253968,62.429378422,59.535961556
140,62.857732426,62.851511131,59.961493471
141,63.278253968,63.272761131,60.387025386
142,63.688253968,63.693495368,60.812557301
143,64.108276644,64.116578785,61.238089216
144,64.537732426,64.544963843,61.663621131
145,64.968276644,64.978132086,62.089153045
146,65.428253968,65.413496198,62.514684960
147,65.848253968,65.847915616,62.940216875
148,66.277732426,66.278802334,63.365748790
149,66.718276644,66.705636925,63.791280705
150,67.128276644,67.129906696,64.216812620
151,67.548276644,67.552770808,64.642344535
152,67.977732426,67.975114319,65.067876450
153,68.398253968,68.398127247,65.493408365
154,68.818253968,68.821143010,65.918940280
155,69.248253968,69.242761131,66.344472194
156,69.667732426,69.662765970,66.770004109
157,70.078276644,70.081886925,67.195536024
158,70.498276644,70.501737279,67.621067939
159,70.918276644,70.924967508,68.046599854
160,71.347732426,71.353346552,68.472131769
161,71.778253968,71.786359480,68.897663684
162,72.228253968,72.222607476,69.323195599
163,72.658253968,72.660260301,69.748727514
164,73.097732426,73.097397019,70.174259428
165,73.538276644,73.533132086,70.599791343
166,73.968253968,73.968134090,71.025323258
167,74.398276644,74.403501867,71.450855173
168,74.837732426,74.839753041,71.876387088
169,75.278276644,75.276154692,72.301919003
170,75.718276644,75.710787401,72.727450918
171,76.148253968,76.141669624,73.152982833
172,76.567732426,76.567917620,73.578514748
173,76.998276644,76.990263965,74.004046662
174,77.408253968,77.411361485,74.429578577
175,77.828253968,77.835325951,74.855110492
176,78.247732426,78.264960665,75.280642407
177,78.698276644,78.700480436,75.706174322
178,79.148253968,79.139750207,76.131706237
179,79.578276644,79.579903518,76.557238152
180,80.017732426,80.019020808,76.982770067
181,80.458276644,80.456520808,77.408301982
182,80.898276644,80.893134921,77.833833897
183,81.328253968,81.330113489,78.259365811
184,81.757732426,81.768128078,78.684897726
185,82.208253968,82.205778898,79.110429641
186,82.658253968,82.640047839,79.535961556
187,83.078276644,83.069164786,79.961493471
188,83.487732426,83.494012305,80.387025386
189,83.908253968,83.917608650,80.812557301
190,84.348253968,84.342972763,81.238089216
191,84.768253968,84.770257466,81.663621131
192,85.197732426,85.197758296,82.089153045
193,85.628253968,85.625108650,82.514684960
194,86.048253968,86.053129252,82.940216875
195,86.478276644,86.482614319,83.365748790
196,86.917732426,86.914232440,83.791280705
197,87.338276644,87.347768804,84.216812620
198,87.788253968,87.782250207,84.642344535
199,88.218276644,88.216515970,85.067876450
200,88.647732426,88.649897019,85.493408365
201,89.088253968,89.082242534,85.918940280
202,89.508253968,89.514008296,86.344472194
203,89.948253968,89.945257466,86.770004109
204,90.377732426,90.375257466,87.195536024
205,90.808253968,90.803275233,87.621067939
206,91.228253968,91.228641350,88.046599854
207,91.658253968,91.651873583,88.472131769
208,92.067732426,92.074739699,88.897663684
209,92.498253968,92.498855816,89.323195599
210,92.918253968,92.924740529,89.748727514
211,93.358253968,93.351876417,90.174259428
212,93.777732426,93.779379252,90.599791343
213,94.208276644,94.206882086,91.025323258
214,94.628253968,94.634017144,91.450855173
215,95.068276644,95.060265970,91.876387088
216,95.487732426,95.485263965,92.301919003
217,95.908253968,95.909013135,92.727450918
218,96.328253968,96.331880082,93.152982833
219,96.758276644,96.754016800,93.578514748
220,97.177732426,97.175636095,94.004046662
221,97.598276644,97.597253041,94.429578577
222,98.008276644,98.019385751,94.855110492
223,98.448253968,98.442983270,95.280642407
224,98.867732426,98.869234100,95.706174322
225,99.288276644,99.298503872,96.131706237
226,99.728276644,99.729755046,96.557238152
227,100.168276644,100.161521639,96.982770067
228,100.597732426,100.592037401,97.408301982
229,101.018253968,101.020268804,97.833833897
230,101.448276644,101.447251867,98.259365811
231,101.868276644,101.874753041,98.684897726
232,102.307732426,102.303503041,99.110429641
233,102.728276644,102.732037401,99.535961556
234,103.168253968,103.158651857,99.961493471
235,103.588276644,103.583132086,100.387025386
236,103.997732426,104.006513965,100.812557301
237,104.428253968,104.429379252,101.238089216
238,104.858253968,104.851879252,101.663621131
239,105.278276644,105.274013135,102.089153045
240,105.687732426,105.695262305,102.514684960
241,106.118253968,106.115260301,102.940216875
242,106.538253968,106.533642180,103.365748790
243,106.958253968,106.950989699,103.791280705
244,107.357732426,107.368123583,104.216812620
245,107.778253968,107.785623583,104.642344535
246,108.218253968,108.204221932,105.067876450
247,108.618253968,108.624374413,105.493408365
248,109.037732426,109.045626417,105.918940280
249,109.468253968,109.467244538,106.344472194
250,109.898276644,109.889013135,106.770004109
251,110.308253968,110.309897019,107.195536024
252,110.727732426,110.729745368,107.621067939
253,111.148253968,111.149379252,108.046599854
254,111.568276644,111.568647019,108.472131769
255,111.998253968,111.986878422,108.897663684
256,112.397732426,112.403644184,109.323195599
257,112.818253968,112.819741360,109.748727514
258,113.238253968,113.236358650,110.174259428
259,113.648253968,113.654379252,110.599791343
260,114.077755102,114.073498203,111.025323258
261,114.488253968,114.493133260,111.450855173
262,114.918276644,114.913132916,111.876387088
263,115.328253968,115.332399853,112.301919003
264,115.757732426,115.749899853,112.727450918
265,116.168276644,116.165632916,113.152982833
266,116.578253968,116.580633260,113.578514748
267,116.988276644,116.995265970,114.004046662
268,117.417732426,117.409746198,114.429578577
269,117.828253968,117.825111485,114.855110492
270,118.228253968,118.242977601,115.280642407
271,118.658276644,118.665325951,115.706174322
272,119.087732426,119.092611485,116.131706237
273,119.528253968,119.523129252,116.557238152
274,119.958253968,119.953280902,116.982770067
275,120.378276644,120.379682553,117.408301982
276,120.817732426,120.800780072,117.833833897
277,121.218253968,121.216661951,118.259365811
278,121.628253968,121.629008296,118.684897726
279,122.038253968,122.040471932,119.110429641
280,122.447732426,122.453855816,119.535961556
281,122.868253968,122.869739699,119.961493471
282,123.288253968,123.287240529,120.387025386
283,123.708253968,123.706358650,120.812557301
284,124.117732426,124.127244538,121.238089216
285,124.548276644,124.549013135,121.663621131
286,124.978253968,124.970263135,122.089153045
287,125.398253968,125.390996198,122.514684960
288,125.797732426,125.812249033,122.940216875
289,126.228276644,126.235119158,123.365748790
290,126.668276644,126.659389759,123.791280705
291,127.088276644,127.083291410,124.216812620
292,127.507732426,127.506003041,124.642344535
293,127.918276644,127.928865149,125.067876450
294,128.348253968,128.353495368,125.493408365
295,128.788253968,128.779376417,125.918940280
296,129.207732426,129.204526063,126.344472194
297,129.628253968,129.627025233,126.770004109
298,130.048253968,130.046507466,127.195536024
299,130.468253968,130.464008296,127.621067939
300,130.877732426,130.880626417,128.046599854
301,131.298253968,131.297244538,128.472131769
302,131.708276644,131.714379252,128.897663684
303,132.138253968,132.132976771,129.323195599
304,132.547732426,132.554957000,129.748727514
305,132.968253968,132.981356646,130.174259428
306,133.408253968,133.410990529,130.599791343
307,133.858253968,133.841876417,131.025323258
308,134.267732426,134.272030902,131.450855173
309,134.698276644,134.700632086,131.876387088
310,135.128253968,135.128499377,132.301919003
311,135.558276644,135.556516800,132.727450918
312,135.987732426,135.984749033,133.152982833
313,136.408253968,136.413500207,133.578514748
314,136.838276644,136.843134921,134.004046662
315,137.278276644,137.272401857,134.429578577
316,137.707732426,137.699533737,134.855110492
317,138.128253968,138.123647849,135.280642407
318,138.538253968,138.544897019,135.706174322
319,138.968276644,138.964746198,136.131706237
320,139.387732426,139.385113489,136.557238152
321,139.798253968,139.807613489,136.982770067
322,140.228276644,140.233710665,137.408301982
323,140.658253968,140.664227601,137.833833897
324,141.097732426,141.098129252,138.259365811
325,141.538253968,141.532397019,138.684897726
326,141.968276644,141.964897019,139.110429641
327,142.398253968,142.395628422,139.535961556
328,142.817732426,142.825626417,139.961493471
329,143.258253968,143.255990529,140.387025386
330,143.688253968,143.686508296,140.812557301
331,144.118253968,144.115778068,141.238089216
332,144.547732426,144.542396188,141.663621131
333,144.968276644,144.965780902,142.089153045
334,145.388253968,145.386512305,142.514684960
335,145.808253968,145.806359480,142.940216875
336,146.217732426,146.227243364,143.365748790
337,146.648253968,146.649744538,143.791280705
338,147.078276644,147.073861485,144.216812620
339,147.498253968,147.499744538,144.642344535
340,147.917732426,147.927242534,145.067876450
341,148.358253968,148.355990529,145.493408365
342,148.788253968,148.784891350,145.918940280
343,149.218253968,149.212391350,146.344472194
344,149.637732426,149.637758296,146.770004109
345,150.058253968,150.061510301,147.195536024
346,150.488253968,150.484744538,147.621067939
347,150.908276644,150.908496198,148.046599854
348,151.327732426,151.333131256,148.472131769
349,151.758253968,151.758497372,148.897663684
350,152.188276644,152.184013965,149.323195599
351,152.608253968,152.607914786,149.748727514
352,153.037732426,153.028647849,150.174259428
353,153.448253968,153.446149853,150.599791343
354,153.858276644,153.861518804,151.025323258
355,154.278276644,154.276003041,151.450855173
356,154.687732426,154.689537745,151.876387088
357,155.108276644,155.100418450,152.301919003
358,155.518253968,155.506664786,152.727450918
359,155.908253968,155.907911951,153.152982833
360,156.307732426,156.305991360,153.578514748
361,156.698253968,156.703492534,154.004046662
362,157.098253968,157.102610655,154.429578577
363,157.508276644,157.504227601,154.855110492
364,157.897732426,157.908494538,155.280642407
365,158.318253968,158.315108650,155.706174322
366,158.718253968,158.723673968,156.131706237
367,159.138253968,159.134868083,156.557238152
368,159.537732426,159.549331260,156.982770067
