0:10.26	At first
0:10.52	I was afraid
0:11.81	I was petrified
0:13.62	Kept thinking
0:14.14	I could never live without you by my side
0:17.75	But then
0:18.13	I spent so many nights thinking how you did me wrong
0:22.02	And I grew strong
0:23.96	And I learned how to get along
0:26.01	And so you're back from outer space
0:30.12	I just walked in to find you here with that sad look upon your face
0:34.25	I should have changed that stupid lock
0:36.32	I should have made you leave your key
0:38.51	If I had known for just one second you'd be back to bother me
0:42.51	Go on now go walk out the door
0:46.64	Just turn around now 'cos you're not welcome anymore
0:51.80	Weren't you the one who tried to hurt me with goodbye?
0:54.89	Did you think
0:55.28	I'd crumble?
0:56.96	Did you think
0:57.35	I'd lay down and die?
0:59.02	Oh no not
0:59.67	I, I will survive
1:03.15	Oh as long as
1:04.44	I know how to love
1:05.60	I know
1:06.25	I'll stay alive
1:07.54	I've got all my life to live and
1:09.60	I've got all my love to give
1:11.54	And I'll survive
1:13.47	I will survive, hey hey
1:32.31	It took all the strength
1:33.47	I had not to fall apart
1:36.18	Kept trying hard to mend the pieces of my broken heart
1:40.31	And I spent oh so many nights just feeling sorry for myself
1:44.43	I used to cry but now
1:46.89	I hold my head up high
1:48.56	And you see me somebody new
1:52.69	I'm not that chained up little person still in love with you
1:56.82	And so you felt like dropping in and just expect me to be free
2:01.08	Well now
2:01.46	I'm saving all my lovin' for someone who's loving me
2:05.08	Go on now go walk out the door
2:09.20	Just turn around now 'cos you're not welcome anymore
2:14.36	Weren't you the one who tried to break me with goodbye?
2:17.46	Did you think
2:17.84	I'd crumble?
2:19.53	Did you think
2:19.92	I'd lay down and die?
2:21.59	Oh no, not
2:22.24	I, I will survive
2:25.72	Oh as long as
2:27.01	I know how to love
2:28.17	I know
2:28.82	I'll stay alive
2:30.11	I've got all my life to live and
2:32.17	I've got all my love to give
2:34.11	And I'll survive
2:36.04	I will survive, oh
2:42.19	Go on now go walk out the door
2:46.31	Just turn around now 'cos you're not welcome anymore
2:51.48	Weren't you the one who tried to break me with goodbye
2:54.58	Did you think
2:54.97	I'd crumble?
2:56.65	Did you think
2:57.04	I'd lay down and die?
2:58.72	Oh no not
2:59.36	I, I will survive
3:02.85	Oh as long as
3:04.15	I know how to love
3:05.31	I know
3:05.96	I'll stay alive
3:07.25	I've got all my life to live and
3:09.32	I've got all my love to give
3:11.25	And I'll survive
3:13.19	I will survive,
3:15.26	I will survive
3:19.40	Oh as long as
3:20.69	I know how to love
3:21.85	I know
3:22.50	I'll stay alive
3:23.79	I've got all my life to live and
3:25.86	I've got all my love to give
3:27.80	And I'll survive
3:29.73	I will survive, hey hey
