beat,raw_onset_sec,smoothed_source_sec,target_sec
0,4.312199546,4.311317664,4.311317664
1,4.772199546,4.771894588,4.772856126
2,5.232199546,5.232143221,5.234394588
3,5.692199546,5.692199546,5.695933049
4,6.152199546,6.152199546,6.157471511
5,6.612199546,6.612199546,6.619009972
6,7.072199546,7.072199546,7.080548434
7,7.532199546,7.532199546,7.542086895
8,7.992199546,7.992931780,8.003625357
9,8.452199546,8.454699546,8.465163818
10,8.912199546,8.917199546,8.926702280
11,9.392199546,9.380431780,9.388240741
12,9.832199546,9.843967313,9.849779203
13,10.312199546,10.307199546,10.311317664
14,10.772199546,10.769699546,10.772856126
15,11.232199546,11.231467313,11.234394588
16,11.692199546,11.692199546,11.695933049
17,12.152199546,12.152199546,12.157471511
18,12.612199546,12.612199546,12.619009972
19,13.072199546,13.072199546,13.080548434
20,13.532199546,13.532931780,13.542086895
21,13.992199546,13.995431780,14.003625357
22,14.452199546,14.459699546,14.465163818
23,14.932199546,14.924699546,14.926702280
24,15.392199546,15.388967313,15.388240741
25,15.852199546,15.851467313,15.849779203
26,16.312199546,16.312199546,16.311317664
27,16.772199546,16.772199546,16.772856126
28,17.232199546,17.232199546,17.234394588
29,17.692199546,17.692199546,17.695933049
30,18.152199546,18.152199546,18.157471511
31,18.612199546,18.612199546,18.619009972
32,19.072199546,19.072199546,19.080548434
33,19.532199546,19.532199546,19.542086895
34,19.992199546,19.992931780,20.003625357
35,20.452199546,20.454699546,20.465163818
36,20.912199546,20.917199546,20.926702280
37,21.392199546,21.380431780,21.388240741
38,21.832199546,21.843967313,21.849779203
39,22.312199546,22.307199546,22.311317664
40,22.772199546,22.769699546,22.772856126
41,23.232199546,23.231467313,23.234394588
42,23.692199546,23.692199546,23.695933049
43,24.152199546,24.152199546,24.157471511
44,24.612199546,24.612199546,24.619009972
45,25.072199546,25.072931780,25.080548434
46,25.532199546,25.535431780,25.542086895
47,25.992199546,25.999699546,26.003625357
48,26.472199546,26.464699546,26.465163818
49,26.932199546,26.928967313,26.926702280
50,27.392199546,27.391467313,27.388240741
51,27.852199546,27.852199546,27.849779203
52,28.312199546,28.312199546,28.311317664
53,28.772199546,28.772199546,28.772856126
54,29.232199546,29.232199546,29.234394588
55,29.692199546,29.692199546,29.695933049
56,30.152199546,30.152199546,30.157471511
57,30.612199546,30.612199546,30.619009972
58,31.072199546,31.072199546,31.080548434
59,31.532199546,31.532199546,31.542086895
60,31.992199546,31.992931780,32.003625357
61,32.452199546,32.455431780,32.465163818
62,32.912199546,32.919699546,32.926702280
63,33.392199546,33.384699546,33.388240741
64,33.852199546,33.848967313,33.849779203
65,34.312199546,34.311467313,34.311317664
66,34.772199546,34.772199546,34.772856126
67,35.232199546,35.232199546,35.234394588
68,35.692199546,35.692199546,35.695933049
69,36.152199546,36.152199546,36.157471511
70,36.612199546,36.612931780,36.619009972
71,37.072199546,37.074699546,37.080548434
72,37.532199546,37.536467313,37.542086895
73,38.012199546,37.997199546,38.003625357
74,38.452199546,38.457199546,38.465163818
75,38.912199546,38.917199546,38.926702280
76,39.372199546,39.377931780,39.388240741
77,39.852199546,39.840431780,39.849779203
78,40.292199546,40.303967313,40.311317664
79,40.772199546,40.767199546,40.772856126
80,41.232199546,41.229699546,41.234394588
81,41.692199546,41.691467313,41.695933049
82,42.152199546,42.152199546,42.157471511
83,42.612199546,42.612199546,42.619009972
84,43.072199546,43.072199546,43.080548434
85,43.532199546,43.532199546,43.542086895
86,43.992199546,43.992931780,44.003625357
87,44.452199546,44.454699546,44.465163818
88,44.912199546,44.917199546,44.926702280
89,45.392199546,45.380431780,45.388240741
90,45.832199546,45.843967313,45.849779203
91,46.312199546,46.307199546,46.311317664
92,46.772199546,46.769699546,46.772856126
93,47.232199546,47.231467313,47.234394588
94,47.692199546,47.692199546,47.695933049
95,48.152199546,48.152199546,48.157471511
96,48.612199546,48.612199546,48.619009972
97,49.072199546,49.072199546,49.080548434
98,49.532199546,49.532199546,49.542086895
99,49.992199546,49.992199546,50.003625357
100,50.452199546,50.452931780,50.465163818
101,50.912199546,50.915431780,50.926702280
102,51.372199546,51.379699546,51.388240741
103,51.852199546,51.844699546,51.849779203
104,52.312199546,52.308967313,52.311317664
105,52.772199546,52.771467313,52.772856126
106,53.232199546,53.232199546,53.234394588
107,53.692199546,53.692199546,53.695933049
108,54.152199546,54.152199546,54.157471511
109,54.612199546,54.612199546,54.619009972
110,55.072199546,55.072199546,55.080548434
111,55.532199546,55.532199546,55.542086895
112,55.992199546,55.992931780,56.003625357
113,56.452199546,56.455431780,56.465163818
114,56.912199546,56.919699546,56.926702280
115,57.392199546,57.384699546,57.388240741
116,57.852199546,57.848967313,57.849779203
117,58.312199546,58.311467313,58.311317664
118,58.772199546,58.772199546,58.772856126
119,59.232199546,59.232199546,59.234394588
120,59.692199546,59.692199546,59.695933049
121,60.152199546,60.152199546,60.157471511
122,60.612199546,60.612199546,60.619009972
123,61.072199546,61.072199546,61.080548434
124,61.532199546,61.532931780,61.542086895
125,61.992199546,61.994699546,62.003625357
126,62.452199546,62.457199546,62.465163818
127,62.932199546,62.920431780,62.926702280
128,63.372199546,63.383967313,63.388240741
129,63.852199546,63.847199546,63.849779203
130,64.312199546,64.309699546,64.311317664
131,64.772199546,64.771467313,64.772856126
132,65.232199546,65.232199546,65.234394588
133,65.692199546,65.692199546,65.695933049
134,66.152199546,66.152199546,66.157471511
135,66.612199546,66.612199546,66.619009972
136,67.072199546,67.072199546,67.080548434
137,67.532199546,67.532199546,67.542086895
138,67.992199546,67.992199546,68.003625357
139,68.452199546,68.452931780,68.465163818
140,68.912199546,68.915431780,68.926702280
141,69.372199546,69.379699546,69.388240741
142,69.852199546,69.844699546,69.849779203
143,70.312199546,70.308967313,70.311317664
144,70.772199546,70.771467313,70.772856126
145,71.232199546,71.232199546,71.234394588
146,71.692199546,71.692199546,71.695933049
147,72.152199546,72.152199546,72.157471511
148,72.612199546,72.612199546,72.619009972
149,73.072199546,73.072199546,73.080548434
150,73.532199546,73.532199546,73.542086895
151,73.992199546,73.992199546,74.003625357
152,74.452199546,74.452199546,74.465163818
153,74.912199546,74.912199546,74.926702280
154,75.372199546,75.372931780,75.388240741
155,75.832199546,75.835431780,75.849779203
156,76.292199546,76.299699546,76.311317664
157,76.772199546,76.764699546,76.772856126
158,77.232199546,77.228967313,77.234394588
159,77.692199546,77.691467313,77.695933049
160,78.152199546,78.152199546,78.157471511
161,78.612199546,78.612199546,78.619009972
162,79.072199546,79.072199546,79.080548434
163,79.532199546,79.532199546,79.542086895
164,79.992199546,79.992199546,80.003625357
165,80.452199546,80.452199546,80.465163818
166,80.912199546,80.912199546,80.926702280
167,81.372199546,81.372931780,81.388240741
168,81.832199546,81.835431780,81.849779203
169,82.292199546,82.299699546,82.311317664
170,82.772199546,82.764699546,82.772856126
171,83.232199546,83.228967313,83.234394588
172,83.692199546,83.691467313,83.695933049
173,84.152199546,84.152199546,84.157471511
174,84.612199546,84.612199546,84.619009972
175,85.072199546,85.072199546,85.080548434
176,85.532199546,85.532199546,85.542086895
177,85.992199546,85.992199546,86.003625357
178,86.452199546,86.452199546,86.465163818
179,86.912199546,86.912931780,86.926702280
180,87.372199546,87.375431780,87.388240741
181,87.832199546,87.839699546,87.849779203
182,88.312199546,88.304699546,88.311317664
183,88.772199546,88.768967313,88.772856126
184,89.232199546,89.231467313,89.234394588
185,89.692199546,89.692199546,89.695933049
186,90.152199546,90.152199546,90.157471511
187,90.612199546,90.612199546,90.619009972
188,91.072199546,91.072199546,91.080548434
189,91.532199546,91.532199546,91.542086895
190,91.992199546,91.992199546,92.003625357
191,92.452199546,92.452199546,92.465163818
192,92.912199546,92.912931780,92.926702280
193,93.372199546,93.375431780,93.388240741
194,93.832199546,93.839699546,93.849779203
195,94.312199546,94.304699546,94.311317664
196,94.772199546,94.768967313,94.772856126
197,95.232199546,95.231467313,95.234394588
198,95.692199546,95.692199546,95.695933049
199,96.152199546,96.152199546,96.157471511
200,96.612199546,96.612199546,96.619009972
201,97.072199546,97.072199546,97.080548434
202,97.532199546,97.532199546,97.542086895
203,97.992199546,97.992199546,98.003625357
204,98.452199546,98.452931780,98.465163818
205,98.912199546,98.915431780,98.926702280
206,99.372199546,99.379699546,99.388240741
207,99.852199546,99.844699546,99.849779203
208,100.312199546,100.308967313,100.311317664
209,100.772199546,100.771467313,100.772856126
210,101.232199546,101.232199546,101.234394588
211,101.692199546,101.692199546,101.695933049
212,102.152199546,102.152199546,102.157471511
213,102.612199546,102.612199546,102.619009972
214,103.072199546,103.072199546,103.080548434
215,103.532199546,103.532199546,103.542086895
216,103.992199546,103.992931780,104.003625357
217,104.452199546,104.455431780,104.465163818
218,104.912199546,104.919699546,104.926702280
219,105.392199546,105.384699546,105.388240741
220,105.852199546,105.848967313,105.849779203
221,106.312199546,106.311467313,106.311317664
222,106.772199546,106.772199546,106.772856126
223,107.232199546,107.232199546,107.234394588
224,107.692199546,107.692199546,107.695933049
225,108.152199546,108.152199546,108.157471511
226,108.612199546,108.612199546,108.619009972
227,109.072199546,109.072199546,109.080548434
228,109.532199546,109.532199546,109.542086895
229,109.992199546,109.992199546,110.003625357
230,110.452199546,110.452931780,110.465163818
231,110.912199546,110.914699546,110.926702280
232,111.372199546,111.377199546,111.388240741
233,111.852199546,111.840431780,111.849779203
234,112.292199546,112.303967313,112.311317664
235,112.772199546,112.767199546,112.772856126
236,113.232199546,113.229699546,113.234394588
237,113.692199546,113.691467313,113.695933049
238,114.152199546,114.152199546,114.157471511
239,114.612199546,114.612199546,114.619009972
240,115.072199546,115.072199546,115.080548434
241,115.532199546,115.532199546,115.542086895
242,115.992199546,115.992199546,116.003625357
243,116.452199546,116.452931780,116.465163818
244,116.912199546,116.915431780,116.926702280
245,117.372199546,117.379699546,117.388240741
246,117.852199546,117.844699546,117.849779203
247,118.312199546,118.308967313,118.311317664
248,118.772199546,118.771467313,118.772856126
249,119.232199546,119.232199546,119.234394588
250,119.692199546,119.692199546,119.695933049
251,120.152199546,120.152199546,120.157471511
252,120.612199546,120.612199546,120.619009972
253,121.072199546,121.072199546,121.080548434
254,121.532199546,121.532199546,121.542086895
255,121.992199546,121.992199546,122.003625357
256,122.452199546,122.452199546,122.465163818
257,122.912199546,122.912199546,122.926702280
258,123.372199546,123.372931780,123.388240741
259,123.832199546,123.835431780,123.849779203
260,124.292199546,124.299699546,124.311317664
261,124.772199546,124.764699546,124.772856126
262,125.232199546,125.228967313,125.234394588
263,125.692199546,125.691467313,125.695933049
264,126.152199546,126.152199546,126.157471511
265,126.612199546,126.612199546,126.619009972
266,127.072199546,127.072199546,127.080548434
267,127.532199546,127.532199546,127.542086895
268,127.992199546,127.992199546,128.003625357
269,128.452199546,128.452199546,128.465163818
270,128.912199546,128.912931780,128.926702280
271,129.372199546,129.374699546,129.388240741
272,129.832199546,129.837199546,129.849779203
273,130.312199546,130.300431780,130.311317664
274,130.752199546,130.763967313,130.772856126
275,131.232199546,131.227199546,131.234394588
276,131.692199546,131.689699546,131.695933049
277,132.152199546,132.151467313,132.157471511
278,132.612199546,132.612199546,132.619009972
279,133.072199546,133.072199546,133.080548434
280,133.532199546,133.532199546,133.542086895
281,133.992199546,133.992199546,134.003625357
282,134.452199546,134.452199546,134.465163818
283,134.912199546,134.912199546,134.926702280
284,135.372199546,135.372931780,135.388240741
285,135.832199546,135.835431780,135.849779203
286,136.292199546,136.299699546,136.311317664
287,136.772199546,136.764699546,136.772856126
288,137.232199546,137.228967313,137.234394588
289,137.692199546,137.691467313,137.695933049
290,138.152199546,138.152199546,138.157471511
291,138.612199546,138.612199546,138.619009972
292,139.072199546,139.072199546,139.080548434
293,139.532199546,139.532931780,139.542086895
294,139.992199546,139.995431780,140.003625357
295,140.452199546,140.458967313,140.465163818
296,140.932199546,140.922199546,140.926702280
297,141.392199546,141.384699546,141.388240741
298,141.832199546,141.846467313,141.849779203
299,142.312199546,142.307931780,142.311317664
300,142.772199546,142.769699546,142.772856126
301,143.232199546,143.231467313,143.234394588
302,143.692199546,143.692199546,143.695933049
303,144.152199546,144.152199546,144.157471511
304,144.612199546,144.612199546,144.619009972
305,145.072199546,145.072199546,145.080548434
306,145.532199546,145.532199546,145.542086895
307,145.992199546,145.992199546,146.003625357
308,146.452199546,146.452199546,146.465163818
309,146.912199546,146.912199546,146.926702280
310,147.372199546,147.372199546,147.388240741
311,147.832199546,147.832199546,147.849779203
312,148.292199546,148.292931780,148.311317664
313,148.752199546,148.755431780,148.772856126
314,149.212199546,149.219699546,149.234394588
315,149.692199546,149.684699546,149.695933049
316,150.152199546,150.148967313,150.157471511
317,150.612199546,150.611467313,150.619009972
318,151.072199546,151.072199546,151.080548434
319,151.532199546,151.532199546,151.542086895
320,151.992199546,151.992199546,152.003625357
321,152.452199546,152.452199546,152.465163818
322,152.912199546,152.912931780,152.926702280
323,153.372199546,153.375431780,153.388240741
324,153.832199546,153.839699546,153.849779203
325,154.312199546,154.303967313,154.311317664
326,154.772199546,154.766467313,154.772856126
327,155.232199546,155.227199546,155.234394588
328,155.672199546,155.687199546,155.695933049
329,156.152199546,156.147931780,156.157471511
330,156.612199546,156.609699546,156.619009972
331,157.072199546,157.071467313,157.080548434
332,157.532199546,157.532199546,157.542086895
333,157.992199546,157.992199546,158.003625357
334,158.452199546,158.452199546,158.465163818
335,158.912199546,158.912199546,158.926702280
336,159.372199546,159.372931780,159.388240741
337,159.832199546,159.835431780,159.849779203
338,160.292199546,160.299699546,160.311317664
339,160.772199546,160.764699546,160.772856126
340,161.232199546,161.228967313,161.234394588
341,161.692199546,161.691467313,161.695933049
342,162.152199546,162.152199546,162.157471511
343,162.612199546,162.612199546,162.619009972
344,163.072199546,163.072199546,163.080548434
345,163.532199546,163.532199546,163.542086895
346,163.992199546,163.992199546,164.003625357
347,164.452199546,164.452199546,164.465163818
348,164.912199546,164.912931780,164.926702280
349,165.372199546,165.374699546,165.388240741
350,165.832199546,165.837199546,165.849779203
351,166.312199546,166.299699546,166.311317664
352,166.752199546,166.761467313,166.772856126
353,167.232199546,167.222931780,167.234394588
354,167.672199546,167.684699546,167.695933049
355,168.152199546,168.147199546,168.157471511
356,168.612199546,168.609699546,168.619009972
357,169.072199546,169.071467313,169.080548434
358,169.532199546,169.532199546,169.542086895
359,169.992199546,169.992199546,170.003625357
360,170.452199546,170.452199546,170.465163818
361,170.912199546,170.912199546,170.926702280
362,171.372199546,171.372931780,171.388240741
363,171.832199546,171.834699546,171.849779203
364,172.292199546,172.297199546,172.311317664
365,172.772199546,172.760431780,172.772856126
366,173.212199546,173.223967313,173.234394588
367,173.692199546,173.687199546,173.695933049
368,174.152199546,174.149699546,174.157471511
369,174.612199546,174.611467313,174.619009972
370,175.072199546,175.072199546,175.080548434
371,175.532199546,175.532199546,175.542086895
372,175.992199546,175.992199546,176.003625357
373,176.452199546,176.452199546,176.465163818
374,176.912199546,176.912199546,176.926702280
375,177.372199546,177.372199546,177.388240741
376,177.832199546,177.832931780,177.849779203
377,178.292199546,178.295431780,178.311317664
378,178.752199546,178.759699546,178.772856126
379,179.232199546,179.224699546,179.234394588
380,179.692199546,179.688967313,179.695933049
381,180.152199546,180.151467313,180.157471511
382,180.612199546,180.612199546,180.619009972
383,181.072199546,181.072199546,181.080548434
384,181.532199546,181.532199546,181.542086895
385,181.992199546,181.992199546,182.003625357
386,182.452199546,182.452931780,182.465163818
387,182.912199546,182.915431780,182.926702280
388,183.372199546,183.378967313,183.388240741
389,183.852199546,183.842199546,183.849779203
390,184.312199546,184.304699546,184.311317664
391,184.752199546,184.766467313,184.772856126
392,185.232199546,185.227931780,185.234394588
393,185.692199546,185.689699546,185.695933049
394,186.152199546,186.151467313,186.157471511
395,186.612199546,186.612199546,186.619009972
396,187.072199546,187.072199546,187.080548434
397,187.532199546,187.532199546,187.542086895
398,187.992199546,187.992199546,188.003625357
399,188.452199546,188.452199546,188.465163818
400,188.912199546,188.912199546,188.926702280
401,189.372199546,189.372931780,189.388240741
402,189.832199546,189.834699546,189.849779203
403,190.292199546,190.296467313,190.311317664
404,190.772199546,190.757931780,190.772856126
405,191.212199546,191.219699546,191.234394588
406,191.672199546,191.682199546,191.695933049
407,192.152199546,192.145431780,192.157471511
408,192.612199546,192.608967313,192.619009972
409,193.072199546,193.071467313,193.080548434
410,193.532199546,193.532199546,193.542086895
411,193.992199546,193.992199546,194.003625357
412,194.452199546,194.452199546,194.465163818
413,194.912199546,194.912931780,194.926702280
414,195.372199546,195.375431780,195.388240741
415,195.832199546,195.838967313,195.849779203
416,196.312199546,196.302199546,196.311317664
417,196.772199546,196.764699546,196.772856126
418,197.212199546,197.226467313,197.234394588
419,197.692199546,197.687931780,197.695933049
420,198.152199546,198.149699546,198.157471511
421,198.612199546,198.611467313,198.619009972
422,199.072199546,199.072199546,199.080548434
423,199.532199546,199.532199546,199.542086895
424,199.992199546,199.992199546,200.003625357
425,200.452199546,200.452199546,200.465163818
426,200.912199546,200.912199546,200.926702280
427,201.372199546,201.372199546,201.388240741
428,201.832199546,201.832931780,201.849779203
429,202.292199546,202.295431780,202.311317664
430,202.752199546,202.759699546,202.772856126
431,203.232199546,203.224699546,203.234394588
432,203.692199546,203.688967313,203.695933049
433,204.152199546,204.151467313,204.157471511
434,204.612199546,204.612199546,204.619009972
435,205.072199546,205.072199546,205.080548434
436,205.532199546,205.532199546,205.542086895
437,205.992199546,205.992199546,206.003625357
438,206.452199546,206.452199546,206.465163818
439,206.912199546,206.912199546,206.926702280
440,207.372199546,207.372931780,207.388240741
441,207.832199546,207.835431780,207.849779203
442,208.292199546,208.299699546,208.311317664
443,208.772199546,208.764699546,208.772856126
444,209.232199546,209.228967313,209.234394588
445,209.692199546,209.691467313,209.695933049
446,210.152199546,210.152199546,210.157471511
447,210.612199546,210.612199546,210.619009972
448,211.072199546,211.072199546,211.080548434
449,211.532199546,211.532199546,211.542086895
450,211.992199546,211.992199546,212.003625357
451,212.452199546,212.452199546,212.465163818
452,212.912199546,212.912931780,212.926702280
453,213.372199546,213.375431780,213.388240741
454,213.832199546,213.839699546,213.849779203
455,214.312199546,214.304699546,214.311317664
456,214.772199546,214.768967313,214.772856126
457,215.232199546,215.231467313,215.234394588
458,215.692199546,215.692199546,215.695933049
459,216.152199546,216.152199546,216.157471511
460,216.612199546,216.612199546,216.619009972
461,217.072199546,217.072199546,217.080548434
462,217.532199546,217.532199546,217.542086895
463,217.992199546,217.992199546,218.003625357
464,218.452199546,218.452199546,218.465163818
465,218.912199546,218.912199546,218.926702280
466,219.372199546,219.372931780,219.388240741
467,219.832199546,219.835431780,219.849779203
468,220.292199546,220.299699546,220.311317664
469,220.772199546,220.764699546,220.772856126
470,221.232199546,221.228967313,221.234394588
471,221.692199546,221.691467313,221.695933049
472,222.152199546,222.152199546,222.157471511
473,222.612199546,222.612199546,222.619009972
474,223.072199546,223.072199546,223.080548434
475,223.532199546,223.532199546,223.542086895
476,223.992199546,223.992199546,224.003625357
477,224.452199546,224.452199546,224.465163818
478,224.912199546,224.912199546,224.926702280
479,225.372199546,225.372931780,225.388240741
480,225.832199546,225.835431780,225.849779203
481,226.292199546,226.299699546,226.311317664
482,226.772199546,226.764699546,226.772856126
483,227.232199546,227.228967313,227.234394588
484,227.692199546,227.691467313,227.695933049
485,228.152199546,228.152199546,228.157471511
486,228.612199546,228.612199546,228.619009972
487,229.072199546,229.072931780,229.080548434
488,229.532199546,229.535431780,229.542086895
489,229.992199546,229.999699546,230.003625357
490,230.472199546,230.463967313,230.465163818
491,230.932199546,230.925735080,230.926702280
492,231.392199546,231.383967313,231.388240741
493,231.832199546,231.839699546,231.849779203
494,232.292199546,232.295431780,232.311317664
495,232.752199546,232.753664013,232.772856126
496,233.212199546,233.214699546,233.234394588
497,233.672199546,233.676467313,233.695933049
498,234.152199546,234.137931780,234.157471511
499,234.592199546,234.599755872,234.619009972
500,235.052199546,235.062504505,235.080548434
501,235.532199546,235.526313662,235.542086895
