0:11.69	I got this feeling on the summer day when you were gone
0:15.50	I crashed my car into the bridge
0:17.40	I watched
0:17.88	I let it burn
0:19.31	I threw your shit into a bag and pushed it down the stairs
0:23.12	I crashed my car into the bridge
0:25.73	I don't care
0:27.88	I love it
0:29.54	I don't care
0:34.54	I got this feeling on the summer day when you were gone
0:38.36	I crashed my car into the bridge
0:40.25	I watched
0:40.74	I let it burn
0:42.16	I threw your shit into a bag and pushed it down the stairs
0:45.97	I crashed my car into the bridge
0:48.59	I don't care
0:50.74	I love it
0:52.40	I don't care
0:56.45	You're on a different road
0:58.36	I'm in the milky way
1:00.27	You want me down on
1:01.69	Earth but
1:02.40	I am up in space
1:04.07	You're so damn hard to please we gotta kill this switch
1:07.88	You're from the seventies but
1:10.02	I'm a nineties bitch
1:11.69	I love it
1:19.31	I love it
1:27.87	I got this feeling on the summer day when you were gone
1:31.68	I crashed my car into the bridge
1:33.59	I watched
1:34.06	I let it burn
1:35.49	I threw your shit into a bag and pushed it down the stairs
1:39.30	I crashed my car into the bridge
1:41.92	I don't care
1:44.07	I love it
1:45.73	I don't care
1:47.88	I love it
1:48.83	I love it
1:49.55	I don't care
1:51.69	I love it
1:53.35	I don't care
1:57.40	You're on a different road
1:59.31	I'm in the milky way
2:01.23	You want me down on
2:02.64	Earth but
2:03.35	I am up in space
2:05.02	You're so damn hard to please we gotta kill this switch
2:08.83	You're from the seventies but
2:10.97	I'm a nineties bitch
2:12.41	I don't care
2:14.54	I love it
2:16.21	I don't care
2:18.35	I love it
2:19.31	I love it
2:20.03	I don't care
2:22.16	I love it
2:23.83	I don't care
2:25.97	I love it
2:26.93	I love it
2:27.66	I don't care
2:35.49	I love it
