set	song	clip	pc_field	source	cat	factory_dir	bed_dir	concert_patch
1	Better Off Alone	01	2	jamzone	cat_7372	music/songs/Alice Deejay - Better Off Alone	cherry-daddies-setlist-2026-06-16/01 Better Off Alone	Alice Deejay.patch
2	Around the World	02	3	jamzone	cat_7783	music/songs/A Touch of Class - Around the World (La La La La La)	cherry-daddies-setlist-2026-06-16/A Touch of Class - Around the World (La La La La La)	La la la.patch
3	Whenever, Wherever	03	4	jamzone	cat_8071	music/songs/Shakira - Whenever, Wherever	cherry-daddies-setlist-2026-06-16/03 Whenever, Wherever	whenever.patch
4	Infinity 2008	04	5	jamzone	cat_20999	music/songs/Guru Josh - Infinity 2008	cherry-daddies-setlist-2026-06-16/04 Infinity 2008	Guru Josh.patch
5	Mr. Saxobeat	05	6	jamzone	cat_36143	music/songs/Alexandra Stan - Mr. Saxobeat	cherry-daddies-setlist-2026-06-16/05 Mr. Saxobeat	Alexandra Stan.patch
6	Destination Calabria	06	7	jamzone	cat_11881	music/songs/Alex Gaudino - Destination Calabria	cherry-daddies-setlist-2026-06-16/Alex Gaudino - Destination Calabria	Destenation.patch
7	Adventure of a Lifetime	07	8	jamzone	cat_50144	music/songs/Coldplay - Adventure of a Lifetime	cherry-daddies-setlist-2026-06-16/07 Adventure of a Lifetime	Adventure of a Lifetime.patch
8	Blinding Lights	08	9	jamzone	cat_60088	music/songs/The Weeknd - Blinding Lights	cherry-daddies-setlist-2026-06-16/08 Blinding Lights	Blinding Lights.patch
9	No Stress	09	10	jamzone	cat_18010	music/songs/Laurent Wolf & Eric Carter - No Stress	cherry-daddies-setlist-2026-06-16/Laurent Wolf & Eric Carter - No Stress	Laurent Wolf.patch
10	Freed From Desire	10	11	jamzone	cat_30111	music/songs/Gala - Freed from Desire	cherry-daddies-setlist-2026-06-16/10 Freed From Desire	Freed From Desire.patch
11	Uptown Funk	11	12	jamzone	cat_48052	music/songs/Bruno Mars & Mark Ronson - Uptown Funk	cherry-daddies-setlist-2026-06-16/11 Uptown Funk	Uptown Funk.patch
12	Солнышко	12	13	dynamic		music/songs/Demo - Solnyshko	cherry-daddies-setlist-2026-06-16/12 Солнышко	Demo.patch
13	Про красивую жизнь	13	14	dynamic		music/songs/Band'Eros - Pro krasivuju zhizn'	cherry-daddies-setlist-2026-06-16/13 Про красивую жизнь	Бандерос.patch
14	Мало тебя	14	15	dynamic		music/songs/SEREBRO - Malo tebya	cherry-daddies-setlist-2026-06-16/SEREBRO - Malo tebya	Серебро.patch
15	Я устал	15	16	dynamic		music/songs/Quest Pistols - Я устал	cherry-daddies-setlist-2026-06-16/15 Я устал	Quest pistols.patch
16	Now You're Gone	16	17	jamzone	cat_14567	music/songs/Basshunter - Now You're Gone	cherry-daddies-setlist-2026-06-16/16 Now You're Gone	Basshunter.patch
17	S&M	17	18	jamzone	cat_35327	music/songs/Rihanna - S&M	cherry-daddies-setlist-2026-06-16/17 S&M	Rihanna.patch
18	Beverly Hills	18	19	dynamic		music/songs/Beverly Hills	cherry-daddies-setlist-2026-06-16/18 Beverly Hills	beverly hills.patch
19	We Found Love	19	20	jamzone	cat_38332	music/songs/Rihanna & Calvin Harris - We Found Love	cherry-daddies-setlist-2026-06-16/19 We Found Love	1__#$!@%!#__Rihanna.patch
20	Everytime We Touch	20	21	jamzone	cat_12436	music/songs/Cascada - Everytime We Touch	cherry-daddies-setlist-2026-06-16/20 Everytime We Touch	Cascada.patch
21	Heads Will Roll	21	22	jamzone	cat_23443	music/songs/Yeah Yeah Yeahs - Heads Will Roll	cherry-daddies-setlist-2026-06-16/Yeah Yeah Yeahs - Heads Will Roll	heads will roll.patch
22	I Love It	22	23	jamzone	cat_43230	music/songs/Icona Pop & Charli XCX - I Love It	cherry-daddies-setlist-2026-06-16/Icona Pop & Charli XCX - I Love It	I dont care.patch
23	Мелом	23	24	static		music/songs/Мелом	cherry-daddies-setlist-2026-06-16/Мелом	пропоганда.patch
24	Я сошла с ума	24	25	jamzone	cat_54835	music/songs/t.A.T.u. - Ya Soshla S Uma (Я сошла с ума)	cherry-daddies-setlist-2026-06-16/24 Я сошла с ума	tatu.patch
25	Беги от меня	25	26	dynamic		music/songs/Беги от меня	cherry-daddies-setlist-2026-06-16/Беги от меня	Беги от меня.patch
26	Такая любовь	26	27	dynamic		music/songs/Такая любовь	cherry-daddies-setlist-2026-06-16/Такая любовь	Такая любовь.patch
27	Медведица	27	28	dynamic		music/songs/Мумий Тролль - Медведица	cherry-daddies-setlist-2026-06-16/Медведица	Медведица.patch
28	Кукла колдуна	28	29	dynamic		music/songs/Король и Шут - Кукла колдуна	cherry-daddies-setlist-2026-06-16/Кукла колдуна	Кукла колдуна.patch
29	Ту-лу-ла	29	30	dynamic		music/songs/Чичерина - Ту-лу-ла	cherry-daddies-setlist-2026-06-16/Ту-лу-ла	Ту-лу-ла.patch
30	Rock & Roll Queen	30	31	jamzone	cat_67531	music/songs/The Subways - Rock & Roll Queen	cherry-daddies-setlist-2026-06-16/Rock & Roll Queen	Rock & Roll Queen.patch
31	Pretty Fly	31	32	dynamic		music/songs/The Offspring - Pretty Fly (For A White Guy)	cherry-daddies-setlist-2026-06-16/Pretty Fly	Pretty Fly.patch
32	Медляк	32	33	dynamic		music/songs/Mr. Credo - Медляк	cherry-daddies-setlist-2026-06-16/Медляк	Медляк.patch
33	Я буду	33	34	dynamic		music/songs/5sta Family & 23:45 - Я буду	cherry-daddies-setlist-2026-06-16/Я буду	Я буду.patch
34	Heart of Glass	34	35	dynamic	cat_12447	music/songs/Blondie - Heart of Glass	cherry-daddies-setlist-2026-06-16/Heart of Glass	Heart of Glass.patch
35	Ghostbusters	35	36	jamzone	cat_11300	music/songs/Ray Parker Jr. - Ghostbusters	cherry-daddies-setlist-2026-06-16/Ghostbusters	Ghostbusters.patch
36	Venus	36	37	dynamic	cat_12674	music/songs/Shocking Blue - Venus	cherry-daddies-setlist-2026-06-16/Venus	Venus.patch
37	Cheri, Cheri Lady	37	38	jamzone	cat_37357	music/songs/Modern Talking - Cheri, Cheri Lady	cherry-daddies-setlist-2026-06-16/Cheri, Cheri Lady	Cheri Cheri Lady.patch
38	Stumblin' In	38	39	jamzone	cat_22836	music/songs/Suzi Quatro & Chris Norman - Stumblin' In	cherry-daddies-setlist-2026-06-16/Stumblin' In	Stumblin In.patch
39	Sarà perché ti amo	39	40	jamzone	cat_18179	music/songs/Ricchi e Poveri - Sarà perché ti amo	cherry-daddies-setlist-2026-06-16/Sarà perché ti amo	Sarà perché ti amo.patch
40	Sweet Dreams (Are Made of This)	40	41	jamzone	cat_69124	music/songs/Eurythmics - Sweet Dreams (Are Made of This)	cherry-daddies-setlist-2026-06-16/Sweet Dreams	Sweet Dreams.patch
41	Personal Jesus	41	42	jamzone	cat_12804	music/songs/Depeche Mode - Personal Jesus	cherry-daddies-setlist-2026-06-16/Personal Jesus	Personal Jesus.patch
42	Brother Louie	42	43	jamzone	cat_38978	music/songs/Modern Talking - Brother Louie	cherry-daddies-setlist-2026-06-16/Brother Louie	Brother Louie.patch
43	Hot Stuff	43	44	jamzone	cat_5408	music/songs/Donna Summer - Hot Stuff	cherry-daddies-setlist-2026-06-16/Hot Stuff	Hot Stuff.patch
44	Stayin' Alive	44	45	dynamic	cat_5447	music/songs/Bee Gees - Stayin' Alive	cherry-daddies-setlist-2026-06-16/Stayin' Alive	Stayin' Alive.patch
45	I Will Survive	45	46	jamzone	cat_5921	music/songs/Gloria Gaynor - I Will Survive	cherry-daddies-setlist-2026-06-16/I Will Survive	I Will Survive.patch
46	YMCA	46	47	jamzone	cat_6926	music/songs/Village People - Y.M.C.A.	cherry-daddies-setlist-2026-06-16/YMCA	YMCA.patch
47	Gimme! Gimme! Gimme! (A Man After Midnight)	47	48	jamzone	cat_9159	music/songs/ABBA - Gimme! Gimme! Gimme! (A Man After Midnight)	cherry-daddies-setlist-2026-06-16/Gimme! Gimme! Gimme!	Gimme! Gimme! Gimme!.patch
48	I Love Rock 'n' Roll	48	49	jamzone	cat_9455	music/songs/Joan Jett - I Love Rock 'n' Roll	cherry-daddies-setlist-2026-06-16/I Love Rock 'n' Roll	I Love Rock 'n' Roll.patch
49	Felicità	49	50	jamzone	cat_16687	music/songs/Al Bano & Romina Power - Felicità	cherry-daddies-setlist-2026-06-16/Felicità	Felicità.patch
50	Mamma María	50	51	jamzone	cat_82836	music/songs/Ricchi e Poveri - Mamma María	cherry-daddies-setlist-2026-06-16/Mamma María	Mamma María.patch
51	It's Raining Men	51	52	jamzone	cat_13536	music/songs/Weather Girls - It's Raining Men	cherry-daddies-setlist-2026-06-16/It's Raining Men	It's Raining Men.patch
52	Maniac	52	53	jamzone	cat_7662	music/songs/Flashdance (Michael Sembello) - Maniac	cherry-daddies-setlist-2026-06-16/Maniac	Maniac.patch
53	Girls Just Want to Have Fun	53	54	jamzone	cat_8231	music/songs/Cyndi Lauper - Girls Just Want to Have Fun	cherry-daddies-setlist-2026-06-16/Girls Just Want to Have Fun	Girls Just Want to Have Fun.patch
54	What a Feeling	54	55	jamzone	cat_10091	music/songs/Flashdance (Irene Cara) - What a Feeling	cherry-daddies-setlist-2026-06-16/What a Feeling	What a Feeling.patch
55	You're My Heart, You're My Soul	55	56	jamzone	cat_14066	music/songs/Modern Talking - You're My Heart, You're My Soul (Mix '98)	cherry-daddies-setlist-2026-06-16/You're My Heart, You're My Soul	You're My Heart, You're My Soul.patch
56	Holding Out for a Hero	56	57	jamzone	cat_13868	music/songs/Footloose (1984 film) - Holding Out for a Hero	cherry-daddies-setlist-2026-06-16/Holding Out for a Hero	Holding Out for a Hero.patch
57	I Wanna Dance with Somebody (Who Loves Me)	57	58	jamzone	cat_5468	music/songs/Whitney Houston - I Wanna Dance with Somebody (Who Loves Me)	cherry-daddies-setlist-2026-06-16/I Wanna Dance with Somebody	I Wanna Dance with Somebody.patch
58	The Best	58	59	jamzone	cat_5519	music/songs/Tina Turner - The Best	cherry-daddies-setlist-2026-06-16/The Best	The Best.patch
59	Sunny	59	60	jamzone	cat_5568	music/songs/Boney M. - Sunny	cherry-daddies-setlist-2026-06-16/Sunny	Sunny.patch
60	Money, Money, Money	60	61	jamzone	cat_5459	music/songs/ABBA - Money, Money, Money	cherry-daddies-setlist-2026-06-16/Money, Money, Money	Money, Money, Money.patch
61	What Is Love	61	62	jamzone	cat_19903	music/songs/Haddaway - What Is Love	cherry-daddies-setlist-2026-06-16/What Is Love	What Is Love.patch
