zero_based_click,time_sec,next_interval_sec,next_interval_bpm
0,0.296462585,0.386485261,155.245248
1,0.682947846,0.386394558,155.281690
2,1.069342404,0.386394558,155.281690
3,1.455736961,0.386303855,155.318150
4,1.842040816,0.386485261,155.245248
5,2.228526077,0.386394558,155.281690
6,2.614920635,0.386394558,155.281690
7,3.001315193,0.386281179,155.327267
8,3.387596372,0.390090703,153.810382
9,3.777687075,0.430000000,139.534884
10,4.207687075,0.410000000,146.341463
11,4.617687075,0.419909297,142.888001
12,5.037596372,0.420090703,142.826298
13,5.457687075,0.410000000,146.341463
14,5.867687075,0.420000000,142.857143
15,6.287687075,0.409909297,146.373845
16,6.697596372,0.420090703,142.826298
17,7.117687075,0.410000000,146.341463
18,7.527687075,0.410000000,146.341463
19,7.937687075,0.419909297,142.888001
20,8.357596372,0.430090703,139.505457
21,8.787687075,0.420000000,142.857143
22,9.207687075,0.430000000,139.534884
23,9.637687075,0.429909297,139.564323
24,10.067596372,0.420090703,142.826298
25,10.487687075,0.430000000,139.534884
26,10.917687075,0.430000000,139.534884
27,11.347687075,0.399909297,150.034021
28,11.747596372,0.430090703,139.505457
29,12.177687075,0.410000000,146.341463
30,12.587687075,0.410000000,146.341463
31,12.997687075,0.429909297,139.564323
32,13.427596372,0.410090703,146.309096
33,13.837687075,0.420000000,142.857143
34,14.257687075,0.420000000,142.857143
35,14.677687075,0.419909297,142.888001
36,15.097596372,0.420090703,142.826298
37,15.517687075,0.430000000,139.534884
38,15.947687075,0.420000000,142.857143
39,16.367687075,0.429909297,139.564323
40,16.797596372,0.420090703,142.826298
41,17.217687075,0.420000000,142.857143
42,17.637687075,0.420000000,142.857143
43,18.057687075,0.419909297,142.888001
44,18.477596372,0.420090703,142.826298
45,18.897687075,0.400000000,150.000000
46,19.297687075,0.420000000,142.857143
47,19.717687075,0.419909297,142.888001
48,20.137596372,0.400090703,149.965994
49,20.537687075,0.410000000,146.341463
50,20.947687075,0.410000000,146.341463
51,21.357687075,0.409909297,146.373845
52,21.767596372,0.390090703,153.810382
53,22.157687075,0.430000000,139.534884
54,22.587687075,0.430000000,139.534884
55,23.017687075,0.409909297,146.373845
56,23.427596372,0.380090703,157.857058
57,23.807687075,0.440000000,136.363636
58,24.247687075,0.450000000,133.333333
59,24.697687075,0.449909297,133.360214
60,25.147596372,0.440090703,136.335532
61,25.587687075,0.440000000,136.363636
62,26.027687075,0.440000000,136.363636
63,26.467687075,0.399909297,150.034021
64,26.867596372,0.430090703,139.505457
65,27.297687075,0.440000000,136.363636
66,27.737687075,0.420000000,142.857143
67,28.157687075,0.419909297,142.888001
68,28.577596372,0.410090703,146.309096
69,28.987687075,0.420000000,142.857143
70,29.407687075,0.420000000,142.857143
71,29.827687075,0.439909297,136.391753
72,30.267596372,0.430090703,139.505457
73,30.697687075,0.450000000,133.333333
74,31.147687075,0.440000000,136.363636
75,31.587687075,0.429909297,139.564323
76,32.017596372,0.420090703,142.826298
77,32.437687075,0.440000000,136.363636
78,32.877687075,0.440000000,136.363636
79,33.317687075,0.409909297,146.373845
80,33.727596372,0.420090703,142.826298
81,34.147687075,0.440000000,136.363636
82,34.587687075,0.440000000,136.363636
83,35.027687075,0.429909297,139.564323
84,35.457596372,0.400090703,149.965994
85,35.857687075,0.420000000,142.857143
86,36.277687075,0.430000000,139.534884
87,36.707687075,0.419909297,142.888001
88,37.127596372,0.450090703,133.306464
89,37.577687075,0.460000000,130.434783
90,38.037687075,0.440000000,136.363636
91,38.477687075,0.419909297,142.888001
92,38.897596372,0.430090703,139.505457
93,39.327687075,0.450000000,133.333333
94,39.777687075,0.430000000,139.534884
95,40.207687075,0.409909297,146.373845
96,40.617596372,0.430090703,139.505457
97,41.047687075,0.450000000,133.333333
98,41.497687075,0.440000000,136.363636
99,41.937687075,0.419909297,142.888001
100,42.357596372,0.440090703,136.335532
101,42.797687075,0.400000000,150.000000
102,43.197687075,0.420000000,142.857143
103,43.617687075,0.399909297,150.034021
104,44.017596372,0.440090703,136.335532
105,44.457687075,0.430000000,139.534884
106,44.887687075,0.450000000,133.333333
107,45.337687075,0.419909297,142.888001
108,45.757596372,0.430090703,139.505457
109,46.187687075,0.430000000,139.534884
110,46.617687075,0.440000000,136.363636
111,47.057687075,0.429909297,139.564323
112,47.487596372,0.430090703,139.505457
113,47.917687075,0.420000000,142.857143
114,48.337687075,0.440000000,136.363636
115,48.777687075,0.419909297,142.888001
116,49.197596372,0.410090703,146.309096
117,49.607687075,0.430000000,139.534884
118,50.037687075,0.420000000,142.857143
119,50.457687075,0.429909297,139.564323
120,50.887596372,0.450090703,133.306464
121,51.337687075,0.430000000,139.534884
122,51.767687075,0.420000000,142.857143
123,52.187687075,0.439909297,136.391753
124,52.627596372,0.420090703,142.826298
125,53.047687075,0.440000000,136.363636
126,53.487687075,0.410000000,146.341463
127,53.897687075,0.439909297,136.391753
128,54.337596372,0.420090703,142.826298
129,54.757687075,0.420000000,142.857143
130,55.177687075,0.450000000,133.333333
131,55.627687075,0.429909297,139.564323
132,56.057596372,0.410090703,146.309096
133,56.467687075,0.410000000,146.341463
134,56.877687075,0.450000000,133.333333
135,57.327687075,0.419909297,142.888001
136,57.747596372,0.410090703,146.309096
137,58.157687075,0.420000000,142.857143
138,58.577687075,0.430000000,139.534884
139,59.007687075,0.439909297,136.391753
140,59.447596372,0.410090703,146.309096
141,59.857687075,0.430000000,139.534884
142,60.287687075,0.450000000,133.333333
143,60.737687075,0.429909297,139.564323
144,61.167596372,0.420090703,142.826298
145,61.587687075,0.410000000,146.341463
146,61.997687075,0.430000000,139.534884
147,62.427687075,0.429909297,139.564323
148,62.857596372,0.420090703,142.826298
149,63.277687075,0.410000000,146.341463
150,63.687687075,0.420000000,142.857143
151,64.107687075,0.429909297,139.564323
152,64.537596372,0.430090703,139.505457
153,64.967687075,0.460000000,130.434783
154,65.427687075,0.420000000,142.857143
155,65.847687075,0.429909297,139.564323
156,66.277596372,0.440090703,136.335532
157,66.717687075,0.410000000,146.341463
158,67.127687075,0.420000000,142.857143
159,67.547687075,0.429909297,139.564323
160,67.977596372,0.420090703,142.826298
161,68.397687075,0.420000000,142.857143
162,68.817687075,0.430000000,139.534884
163,69.247687075,0.419909297,142.888001
164,69.667596372,0.410090703,146.309096
165,70.077687075,0.420000000,142.857143
166,70.497687075,0.420000000,142.857143
167,70.917687075,0.429909297,139.564323
168,71.347596372,0.430090703,139.505457
169,71.777687075,0.450000000,133.333333
170,72.227687075,0.430000000,139.534884
171,72.657687075,0.439909297,136.391753
172,73.097596372,0.440090703,136.335532
173,73.537687075,0.430000000,139.534884
174,73.967687075,0.430000000,139.534884
175,74.397687075,0.439909297,136.391753
176,74.837596372,0.440090703,136.335532
177,75.277687075,0.440000000,136.363636
178,75.717687075,0.430000000,139.534884
179,76.147687075,0.419909297,142.888001
180,76.567596372,0.430090703,139.505457
181,76.997687075,0.410000000,146.341463
182,77.407687075,0.420000000,142.857143
183,77.827687075,0.419909297,142.888001
184,78.247596372,0.450090703,133.306464
185,78.697687075,0.450000000,133.333333
186,79.147687075,0.430000000,139.534884
187,79.577687075,0.439909297,136.391753
188,80.017596372,0.440090703,136.335532
189,80.457687075,0.440000000,136.363636
190,80.897687075,0.430000000,139.534884
191,81.327687075,0.429909297,139.564323
192,81.757596372,0.450090703,133.306464
193,82.207687075,0.450000000,133.333333
194,82.657687075,0.420000000,142.857143
195,83.077687075,0.409909297,146.373845
196,83.487596372,0.420090703,142.826298
197,83.907687075,0.440000000,136.363636
198,84.347687075,0.420000000,142.857143
199,84.767687075,0.429909297,139.564323
200,85.197596372,0.430090703,139.505457
201,85.627687075,0.420000000,142.857143
202,86.047687075,0.430000000,139.534884
203,86.477687075,0.439909297,136.391753
204,86.917596372,0.420090703,142.826298
205,87.337687075,0.450000000,133.333333
206,87.787687075,0.430000000,139.534884
207,88.217687075,0.429909297,139.564323
208,88.647596372,0.440090703,136.335532
209,89.087687075,0.420000000,142.857143
210,89.507687075,0.440000000,136.363636
211,89.947687075,0.429909297,139.564323
212,90.377596372,0.430090703,139.505457
213,90.807687075,0.420000000,142.857143
214,91.227687075,0.430000000,139.534884
215,91.657687075,0.409909297,146.373845
216,92.067596372,0.430090703,139.505457
217,92.497687075,0.420000000,142.857143
218,92.917687075,0.440000000,136.363636
219,93.357687075,0.419909297,142.888001
220,93.777596372,0.430090703,139.505457
221,94.207687075,0.420000000,142.857143
222,94.627687075,0.440000000,136.363636
223,95.067687075,0.419909297,142.888001
224,95.487596372,0.420090703,142.826298
225,95.907687075,0.420000000,142.857143
226,96.327687075,0.430000000,139.534884
227,96.757687075,0.419909297,142.888001
228,97.177596372,0.420090703,142.826298
229,97.597687075,0.410000000,146.341463
230,98.007687075,0.440000000,136.363636
231,98.447687075,0.419909297,142.888001
232,98.867596372,0.420090703,142.826298
233,99.287687075,0.440000000,136.363636
234,99.727687075,0.440000000,136.363636
235,100.167687075,0.429909297,139.564323
236,100.597596372,0.420090703,142.826298
237,101.017687075,0.430000000,139.534884
238,101.447687075,0.420000000,142.857143
239,101.867687075,0.439909297,136.391753
240,102.307596372,0.420090703,142.826298
241,102.727687075,0.440000000,136.363636
242,103.167687075,0.420000000,142.857143
243,103.587687075,0.409909297,146.373845
244,103.997596372,0.430090703,139.505457
245,104.427687075,0.430000000,139.534884
246,104.857687075,0.420000000,142.857143
247,105.277687075,0.409909297,146.373845
248,105.687596372,0.430090703,139.505457
249,106.117687075,0.420000000,142.857143
250,106.537687075,0.420000000,142.857143
251,106.957687075,0.399909297,150.034021
252,107.357596372,0.420090703,142.826298
253,107.777687075,0.440000000,136.363636
254,108.217687075,0.400000000,150.000000
255,108.617687075,0.419909297,142.888001
256,109.037596372,0.430090703,139.505457
257,109.467687075,0.430000000,139.534884
258,109.897687075,0.410000000,146.341463
259,110.307687075,0.419909297,142.888001
260,110.727596372,0.420090703,142.826298
261,111.147687075,0.420000000,142.857143
262,111.567687075,0.430000000,139.534884
263,111.997687075,0.399909297,150.034021
264,112.397596372,0.420090703,142.826298
265,112.817687075,0.420000000,142.857143
266,113.237687075,0.410000000,146.341463
267,113.647687075,0.429909297,139.564323
268,114.077596372,0.410090703,146.309096
269,114.487687075,0.430000000,139.534884
270,114.917687075,0.410000000,146.341463
271,115.327687075,0.429909297,139.564323
272,115.757596372,0.410090703,146.309096
273,116.167687075,0.410000000,146.341463
274,116.577687075,0.410000000,146.341463
275,116.987687075,0.429909297,139.564323
276,117.417596372,0.410090703,146.309096
277,117.827687075,0.400000000,150.000000
278,118.227687075,0.430000000,139.534884
279,118.657687075,0.429909297,139.564323
280,119.087596372,0.440090703,136.335532
281,119.527687075,0.430000000,139.534884
282,119.957687075,0.420000000,142.857143
283,120.377687075,0.439909297,136.391753
284,120.817596372,0.400090703,149.965994
285,121.217687075,0.410000000,146.341463
286,121.627687075,0.410000000,146.341463
287,122.037687075,0.409909297,146.373845
288,122.447596372,0.420090703,142.826298
289,122.867687075,0.420000000,142.857143
290,123.287687075,0.420000000,142.857143
291,123.707687075,0.409909297,146.373845
292,124.117596372,0.430090703,139.505457
293,124.547687075,0.430000000,139.534884
294,124.977687075,0.420000000,142.857143
295,125.397687075,0.399909297,150.034021
296,125.797596372,0.430090703,139.505457
297,126.227687075,0.440000000,136.363636
298,126.667687075,0.420000000,142.857143
299,127.087687075,0.419909297,142.888001
300,127.507596372,0.410090703,146.309096
301,127.917687075,0.430000000,139.534884
302,128.347687075,0.440000000,136.363636
303,128.787687075,0.419909297,142.888001
304,129.207596372,0.420090703,142.826298
305,129.627687075,0.420000000,142.857143
306,130.047687075,0.420000000,142.857143
307,130.467687075,0.409909297,146.373845
308,130.877596372,0.420090703,142.826298
309,131.297687075,0.410000000,146.341463
310,131.707687075,0.430000000,139.534884
311,132.137687075,0.409909297,146.373845
312,132.547596372,0.420090703,142.826298
313,132.967687075,0.440000000,136.363636
314,133.407687075,0.450000000,133.333333
315,133.857687075,0.409909297,146.373845
316,134.267596372,0.430090703,139.505457
317,134.697687075,0.430000000,139.534884
318,135.127687075,0.430000000,139.534884
319,135.557687075,0.429909297,139.564323
320,135.987596372,0.420090703,142.826298
321,136.407687075,0.430000000,139.534884
322,136.837687075,0.440000000,136.363636
323,137.277687075,0.429909297,139.564323
324,137.707596372,0.420090703,142.826298
325,138.127687075,0.410000000,146.341463
326,138.537687075,0.430000000,139.534884
327,138.967687075,0.419909297,142.888001
328,139.387596372,0.410090703,146.309096
329,139.797687075,0.430000000,139.534884
330,140.227687075,0.430000000,139.534884
331,140.657687075,0.439909297,136.391753
332,141.097596372,0.440090703,136.335532
333,141.537687075,0.430000000,139.534884
334,141.967687075,0.430000000,139.534884
335,142.397687075,0.419909297,142.888001
336,142.817596372,0.440090703,136.335532
337,143.257687075,0.430000000,139.534884
338,143.687687075,0.430000000,139.534884
339,144.117687075,0.429909297,139.564323
340,144.547596372,0.420090703,142.826298
341,144.967687075,0.420000000,142.857143
342,145.387687075,0.420000000,142.857143
343,145.807687075,0.409909297,146.373845
344,146.217596372,0.430090703,139.505457
345,146.647687075,0.430000000,139.534884
346,147.077687075,0.420000000,142.857143
347,147.497687075,0.419909297,142.888001
348,147.917596372,0.440090703,136.335532
349,148.357687075,0.430000000,139.534884
350,148.787687075,0.430000000,139.534884
351,149.217687075,0.419909297,142.888001
352,149.637596372,0.420090703,142.826298
353,150.057687075,0.430000000,139.534884
354,150.487687075,0.420000000,142.857143
355,150.907687075,0.419909297,142.888001
356,151.327596372,0.430090703,139.505457
357,151.757687075,0.430000000,139.534884
358,152.187687075,0.420000000,142.857143
359,152.607687075,0.429909297,139.564323
360,153.037596372,0.410090703,146.309096
361,153.447687075,0.410000000,146.341463
362,153.857687075,0.420000000,142.857143
363,154.277687075,0.409909297,146.373845
364,154.687596372,0.420090703,142.826298
365,155.107687075,0.410000000,146.341463
366,155.517687075,0.390000000,153.846154
367,155.907687075,0.399909297,150.034021
368,156.307596372,0.390090703,153.810382
369,156.697687075,0.400000000,150.000000
370,157.097687075,0.410000000,146.341463
371,157.507687075,0.389909297,153.881942
372,157.897596372,0.420090703,142.826298
373,158.317687075,0.400000000,150.000000
374,158.717687075,0.420000000,142.857143
375,159.137687075,0.399909297,150.034021
376,159.537596372,nan,nan
